"Path","Id","StartedUtc","LastEventUtc","Cwd","Originator","CliVersion","Bytes","Lines","ModifiedLocal","FirstUserMessage"
"C:\Users\ahazan2\.codex\sessions\2026\04\30\rollout-2026-04-30T10-18-57-019ddec1-d28a-7462-a34b-13bfc46bde5f.jsonl","019ddec1-d28a-7462-a34b-13bfc46bde5f","4/30/2026 2:18:57 PM","4/30/2026 2:28:08 PM","C:\Users\ahazan2\Documents\Codex\2026-04-30\we-are-auditing-serious-performance-and","Codex Desktop","0.126.0-alpha.8","98405","65","4/30/2026 10:28:08 AM","<environment_context> <cwd>C:\Users\ahazan2\Documents\Codex\2026-04-30\we-are-auditing-serious-performance-and</cwd> <shell>powershell</shell> <current_date>2026-04-30</current_dat..."
"C:\Users\ahazan2\.codex\sessions\2026\04\30\rollout-2026-04-30T10-29-20-019ddecb-5213-76f0-8fb9-f5ebd40c6292.jsonl","019ddecb-5213-76f0-8fb9-f5ebd40c6292","4/30/2026 2:29:20 PM","6/2/2026 12:04:05 AM","C:\Users\ahazan2\Documents\Codex\2026-04-30\we-are-auditing-serious-performance-and-2","Codex Desktop","0.126.0-alpha.8","1803762","763","6/1/2026 8:04:05 PM","<environment_context> <cwd>C:\Users\ahazan2\Documents\Codex\2026-04-30\we-are-auditing-serious-performance-and-2</cwd> <shell>powershell</shell> <current_date>2026-04-30</current_d..."
"C:\Users\ahazan2\.codex\sessions\2026\06\01\rollout-2026-06-01T13-20-36-019e8433-a1c9-7540-bc07-ee326c246216.jsonl","019e8433-a1c9-7540-bc07-ee326c246216","6/1/2026 5:20:36 PM","6/1/2026 6:44:11 PM","C:\repos\dflow plm","Codex Desktop","0.135.0-alpha.1","590364","281","6/1/2026 2:44:11 PM","<environment_context> <cwd>C:\repos\dflow plm</cwd> <shell>powershell</shell> <current_date>2026-06-01</current_date> <timezone>America/New_York</timezone> </environment_context>"
"C:\Users\ahazan2\.codex\sessions\2026\06\01\rollout-2026-06-01T13-29-13-019e843b-825e-7853-a11e-8e4a6907578d.jsonl","019e843b-825e-7853-a11e-8e4a6907578d","6/1/2026 5:29:13 PM","6/1/2026 5:31:17 PM","C:\repos\temp","Codex Desktop","0.135.0-alpha.1","147264","52","6/1/2026 1:31:17 PM","<environment_context> <cwd>C:\repos\temp</cwd> <shell>powershell</shell> <current_date>2026-06-01</current_date> <timezone>America/New_York</timezone> </environment_context>"
"C:\Users\ahazan2\.codex\sessions\2026\06\01\rollout-2026-06-01T14-45-24-019e8481-440c-7803-b540-787a22f92460.jsonl","019e8481-440c-7803-b540-787a22f92460","6/1/2026 6:45:24 PM","6/1/2026 7:01:28 PM","C:\repos\dflow plm","Codex Desktop","0.136.0-alpha.2","695275","324","6/1/2026 3:01:28 PM","<environment_context> <cwd>C:\repos\dflow plm</cwd> <shell>powershell</shell> <current_date>2026-06-01</current_date> <timezone>America/New_York</timezone> <filesystem><workspace_r..."
"C:\Users\ahazan2\.codex\sessions\2026\06\01\rollout-2026-06-01T15-09-22-019e8497-3542-7822-9061-7e10e3a489d3.jsonl","019e8497-3542-7822-9061-7e10e3a489d3","6/1/2026 7:09:22 PM","6/2/2026 3:13:42 PM","C:\repos\temp","Codex Desktop","0.136.0-alpha.2","1873775","467","6/2/2026 11:13:42 AM","<environment_context> <cwd>C:\repos\temp</cwd> <shell>powershell</shell> <current_date>2026-06-01</current_date> <timezone>America/New_York</timezone> <filesystem><workspace_roots>..."
"C:\Users\ahazan2\.codex\sessions\2026\06\03\rollout-2026-06-03T09-40-13-019e8db6-9435-7db3-9068-039da7e757e1.jsonl","019e8db6-9435-7db3-9068-039da7e757e1","6/3/2026 1:40:13 PM","6/3/2026 1:54:51 PM","C:\repos\temp","Codex Desktop","0.136.0-alpha.2","1317227","73","6/3/2026 9:54:51 AM","<environment_context> <cwd>C:\repos\temp</cwd> <shell>powershell</shell> <current_date>2026-06-03</current_date> <timezone>America/New_York</timezone> <filesystem><workspace_roots>..."
"C:\Users\ahazan2\.codex\sessions\2026\06\03\rollout-2026-06-03T11-00-03-019e8dff-a9b3-75f0-a2c5-4aa787c23592.jsonl","019e8dff-a9b3-75f0-a2c5-4aa787c23592","6/3/2026 3:00:03 PM","6/3/2026 4:27:14 PM","C:\repos\temp","Codex Desktop","0.136.0-alpha.2","744605","343","6/3/2026 12:27:14 PM","<environment_context> <cwd>C:\repos\temp</cwd> <shell>powershell</shell> <current_date>2026-06-03</current_date> <timezone>America/New_York</timezone> <filesystem><workspace_roots>..."
"C:\Users\ahazan2\.codex\sessions\2026\06\04\rollout-2026-06-04T09-58-28-019e92ed-9104-70c2-a188-c91a6d4d1b2c.jsonl","019e92ed-9104-70c2-a188-c91a6d4d1b2c","6/4/2026 1:58:28 PM","6/6/2026 1:40:14 PM","C:\repos\oracle","Codex Desktop","0.136.0-alpha.2","4963740","2009","6/6/2026 9:40:14 AM","# AGENTS.md instructions for C:\repos\oracle <INSTRUCTIONS> # AGENTS.md — The Oracle Developer Guide Read this first. It is the canonical operating guide for developers and AI codi..."
"C:\Users\ahazan2\.codex\sessions\2026\06\04\rollout-2026-06-04T10-06-31-019e92f5-0518-7fe0-bdc3-bea115ea052e.jsonl","019e92f5-0518-7fe0-bdc3-bea115ea052e","6/4/2026 2:06:31 PM","6/4/2026 11:54:29 PM","C:\repos\dflow plm","Codex Desktop","0.136.0-alpha.2","2880859","972","6/4/2026 7:54:29 PM","<environment_context> <cwd>C:\repos\dflow plm</cwd> <shell>powershell</shell> <current_date>2026-06-04</current_date> <timezone>America/New_York</timezone> <filesystem><workspace_r..."
"C:\Users\ahazan2\.codex\sessions\2026\06\04\rollout-2026-06-04T11-15-25-019e9334-17b6-7b72-83c7-d5a6dc8a159f.jsonl","019e9334-17b6-7b72-83c7-d5a6dc8a159f","6/4/2026 3:15:25 PM","6/4/2026 6:51:06 PM","C:\repos\dflow plm","Codex Desktop","0.136.0-alpha.2","1091787","588","6/4/2026 2:51:06 PM","<environment_context> <cwd>C:\repos\dflow plm</cwd> <shell>powershell</shell> <current_date>2026-06-04</current_date> <timezone>America/New_York</timezone> <filesystem><workspace_r..."
"C:\Users\ahazan2\.codex\sessions\2026\06\05\rollout-2026-06-05T16-55-28-019e9991-c9d7-7cd2-95e5-c6632b37a35a.jsonl","019e9991-c9d7-7cd2-95e5-c6632b37a35a","6/5/2026 8:55:28 PM","6/5/2026 10:16:34 PM","C:\repos\temp","Codex Desktop","0.137.0-alpha.4","198928","53","6/5/2026 6:16:34 PM","<environment_context> <cwd>C:\repos\temp</cwd> <shell>powershell</shell> <current_date>2026-06-05</current_date> <timezone>America/New_York</timezone> <filesystem><workspace_roots>..."
"C:\Users\ahazan2\.codex\sessions\2026\06\08\rollout-2026-06-08T09-50-55-019ea780-1a44-7071-9f0e-f50b55439c29.jsonl","019ea780-1a44-7071-9f0e-f50b55439c29","6/8/2026 1:50:55 PM","6/9/2026 3:26:11 PM","C:\repos\oracle","Codex Desktop","0.137.0-alpha.4","2317151","1160","6/9/2026 11:26:11 AM","# AGENTS.md instructions for C:\repos\oracle <INSTRUCTIONS> # AGENTS.md — The Oracle Developer Guide Read this first. It is the canonical operating guide for developers and AI codi..."
"C:\Users\ahazan2\.codex\sessions\2026\06\08\rollout-2026-06-08T10-17-10-019ea798-346f-7ce2-815f-1307468a9c3e.jsonl","019ea798-346f-7ce2-815f-1307468a9c3e","6/8/2026 2:17:10 PM","6/8/2026 3:20:15 PM","C:\repos\edgesynology2","Codex Desktop","0.137.0-alpha.4","1176979","504","6/8/2026 11:20:15 AM","<environment_context> <cwd>C:\repos\edgesynology2</cwd> <shell>powershell</shell> <current_date>2026-06-08</current_date> <timezone>America/New_York</timezone> <filesystem><workspa..."
"C:\Users\ahazan2\.codex\sessions\2026\06\08\rollout-2026-06-08T10-31-43-019ea7a5-86c0-7ec0-bb91-c0b41a31001f.jsonl","019ea7a5-86c0-7ec0-bb91-c0b41a31001f","6/8/2026 2:31:43 PM","6/8/2026 2:46:58 PM","C:\repos\dflow plm","Codex Desktop","0.137.0-alpha.4","707649","352","6/8/2026 10:46:58 AM","<environment_context> <cwd>C:\repos\dflow plm</cwd> <shell>powershell</shell> <current_date>2026-06-08</current_date> <timezone>America/New_York</timezone> <filesystem><workspace_r..."
"C:\Users\ahazan2\.codex\sessions\2026\06\08\rollout-2026-06-08T15-31-27-019ea8b7-dc25-7250-bee2-f0d1dbaf2928.jsonl","019ea8b7-dc25-7250-bee2-f0d1dbaf2928","6/8/2026 7:31:27 PM","6/9/2026 6:04:40 PM","C:\repos\oracle","Codex Desktop","0.137.0-alpha.4","6123653","2226","6/9/2026 2:04:40 PM","# AGENTS.md instructions for C:\repos\oracle <INSTRUCTIONS> # AGENTS.md — The Oracle Developer Guide Read this first. It is the canonical operating guide for developers and AI codi..."
"C:\Users\ahazan2\.codex\sessions\2026\06\09\rollout-2026-06-09T10-19-11-019eacc0-67b4-7890-8bcb-353abc0fa293.jsonl","019eacc0-67b4-7890-8bcb-353abc0fa293","6/9/2026 2:19:11 PM","6/9/2026 2:38:35 PM","C:\repos\dflow plm","Codex Desktop","0.137.0-alpha.4","526861","373","6/9/2026 10:38:35 AM","<environment_context> <cwd>C:\repos\dflow plm</cwd> <shell>powershell</shell> <current_date>2026-06-09</current_date> <timezone>America/New_York</timezone> <filesystem><workspace_r..."
"C:\Users\ahazan2\.codex\sessions\2026\06\09\rollout-2026-06-09T10-58-27-019eace4-5bf1-7843-bf88-503387875635.jsonl","019eace4-5bf1-7843-bf88-503387875635","6/9/2026 2:58:27 PM","6/9/2026 4:05:34 PM","C:\repos\temp\seafile","Codex Desktop","0.137.0-alpha.4","724412","84","6/9/2026 12:05:34 PM","<environment_context> <cwd>C:\repos\temp\seafile</cwd> <shell>powershell</shell> <current_date>2026-06-09</current_date> <timezone>America/New_York</timezone> <filesystem><workspac..."
"C:\Users\ahazan2\.codex\sessions\2026\06\09\rollout-2026-06-09T12-28-23-019ead36-9dd2-7492-9052-2ef69a1533ff.jsonl","019ead36-9dd2-7492-9052-2ef69a1533ff","6/9/2026 4:28:23 PM","6/9/2026 6:27:12 PM","C:\repos\oracle","Codex Desktop","0.137.0-alpha.4","3049353","1178","6/9/2026 2:27:12 PM","# AGENTS.md instructions for C:\repos\oracle <INSTRUCTIONS> # AGENTS.md — The Oracle Developer Guide Read this first. It is the canonical operating guide for developers and AI codi..."
"C:\Users\ahazan2\.codex\sessions\2026\06\10\rollout-2026-06-10T15-22-17-019eb2fc-4261-7590-b854-47ae2259e191.jsonl","019eb2fc-4261-7590-b854-47ae2259e191","6/10/2026 7:22:17 PM","6/11/2026 1:12:43 PM","C:\repos\dflow plm","Codex Desktop","0.138.0-alpha.7","2039303","1385","6/11/2026 9:12:43 AM","<environment_context> <cwd>C:\repos\dflow plm</cwd> <shell>powershell</shell> <current_date>2026-06-10</current_date> <timezone>America/New_York</timezone> <filesystem><workspace_r..."
"C:\Users\ahazan2\.codex\sessions\2026\06\11\rollout-2026-06-11T12-02-34-019eb76b-b265-7e30-a00b-657a5af0287a.jsonl","019eb76b-b265-7e30-a00b-657a5af0287a","6/11/2026 4:02:34 PM","6/11/2026 4:06:41 PM","C:\repos\oracle","Codex Desktop","0.138.0-alpha.7","391323","123","6/11/2026 12:06:41 PM","# AGENTS.md instructions for C:\repos\oracle <INSTRUCTIONS> # AGENTS.md — The Oracle Developer Guide Read this first. It is the canonical operating guide for developers and AI codi..."
"C:\Users\ahazan2\.codex\sessions\2026\06\11\rollout-2026-06-11T13-44-17-019eb7c8-e862-7563-9ca0-fef06c2ceb69.jsonl","019eb7c8-e862-7563-9ca0-fef06c2ceb69","6/11/2026 5:44:17 PM","6/11/2026 6:49:37 PM","C:\repos\dflow plm","Codex Desktop","0.138.0-alpha.7","1283407","689","6/11/2026 2:49:37 PM","<environment_context> <cwd>C:\repos\dflow plm</cwd> <shell>powershell</shell> <current_date>2026-06-11</current_date> <timezone>America/New_York</timezone> <filesystem><workspace_r..."
"C:\Users\ahazan2\.codex\sessions\2026\06\11\rollout-2026-06-11T15-10-34-019eb817-d1d6-72e1-9556-486752ce8d1f.jsonl","019eb817-d1d6-72e1-9556-486752ce8d1f","6/11/2026 7:10:34 PM","6/16/2026 4:00:29 PM","C:\repos\oracle","Codex Desktop","0.138.0-alpha.7","9217912","4273","6/16/2026 12:00:29 PM","# AGENTS.md instructions for C:\repos\oracle <INSTRUCTIONS> # AGENTS.md — The Oracle Developer Guide Read this first. It is the canonical operating guide for developers and AI codi..."
"C:\Users\ahazan2\.codex\sessions\2026\06\15\rollout-2026-06-15T09-46-00-019ecb88-2f1a-77e1-90cb-a99d8d06ccfc.jsonl","019ecb88-2f1a-77e1-90cb-a99d8d06ccfc","6/15/2026 1:46:00 PM","6/15/2026 2:42:47 PM","C:\repos\temp\seafile","Codex Desktop","0.140.0-alpha.2","840166","525","6/15/2026 10:42:47 AM","<environment_context> <cwd>C:\repos\temp\seafile</cwd> <shell>powershell</shell> <current_date>2026-06-15</current_date> <timezone>America/New_York</timezone> <filesystem><workspac..."
"C:\Users\ahazan2\.codex\sessions\2026\06\15\rollout-2026-06-15T14-52-34-019ecca0-d9b9-7e92-a2a9-8bae6c21f9c2.jsonl","019ecca0-d9b9-7e92-a2a9-8bae6c21f9c2","6/15/2026 6:52:34 PM","6/15/2026 7:06:58 PM","C:\repos\temp\hetzner general","Codex Desktop","0.140.0-alpha.2","251365","209","6/15/2026 3:06:58 PM","<environment_context> <cwd>C:\repos\temp\hetzner general</cwd> <shell>powershell</shell> <current_date>2026-06-15</current_date> <timezone>America/New_York</timezone> <filesystem><..."
"C:\Users\ahazan2\.codex\sessions\2026\06\16\rollout-2026-06-16T09-26-30-019ed09c-b192-7d43-9203-5ad8aafdd07a.jsonl","019ed09c-b192-7d43-9203-5ad8aafdd07a","6/16/2026 1:26:30 PM","6/16/2026 2:54:43 PM","C:\repos\temp\seafile","Codex Desktop","0.140.0-alpha.2","1815794","557","6/16/2026 10:54:43 AM","<environment_context> <cwd>C:\repos\temp\seafile</cwd> <shell>powershell</shell> <current_date>2026-06-16</current_date> <timezone>America/New_York</timezone> <filesystem><workspac..."
"C:\Users\ahazan2\.codex\sessions\2026\06\16\rollout-2026-06-16T11-48-01-019ed11e-4253-7ca3-b134-42a4c500288f.jsonl","019ed11e-4253-7ca3-b134-42a4c500288f","6/16/2026 3:48:01 PM","6/16/2026 4:00:32 PM","C:\repos\dflow plm","Codex Desktop","0.140.0-alpha.2","429137","276","6/16/2026 12:00:32 PM","<environment_context> <cwd>C:\repos\dflow plm</cwd> <shell>powershell</shell> <current_date>2026-06-16</current_date> <timezone>America/New_York</timezone> <filesystem><workspace_r..."
"C:\Users\ahazan2\.codex\sessions\2026\06\16\rollout-2026-06-16T15-41-58-019ed1f4-726a-7572-9ad0-c9e1d1dc76a8.jsonl","019ed1f4-726a-7572-9ad0-c9e1d1dc76a8","6/16/2026 7:41:58 PM","6/16/2026 7:49:28 PM","C:\repos\temp","Codex Desktop","0.140.0-alpha.2","257672","107","6/16/2026 3:49:28 PM","<environment_context> <cwd>C:\repos\temp</cwd> <shell>powershell</shell> <current_date>2026-06-16</current_date> <timezone>America/New_York</timezone> <filesystem><workspace_roots>..."
"C:\Users\ahazan2\.codex\sessions\2026\06\17\rollout-2026-06-17T11-37-13-019ed63a-a794-71c3-aad6-e02c94884e97.jsonl","019ed63a-a794-71c3-aad6-e02c94884e97","6/17/2026 3:37:13 PM","6/18/2026 1:42:32 AM","C:\repos\oracle","Codex Desktop","0.140.0-alpha.19","3805550","1967","6/17/2026 9:42:32 PM","# AGENTS.md instructions for C:\repos\oracle <INSTRUCTIONS> # AGENTS.md — The Oracle Developer Guide Read this first. It is the canonical operating guide for developers and AI codi..."
"C:\Users\ahazan2\.codex\sessions\2026\06\25\rollout-2026-06-25T16-51-11-019f008d-0b08-75f1-9272-df1970e1193f.jsonl","019f008d-0b08-75f1-9272-df1970e1193f","6/25/2026 8:51:11 PM","6/25/2026 8:55:13 PM","C:\repos\oracle","Codex Desktop","0.142.2","127280","31","6/25/2026 4:55:13 PM","# AGENTS.md instructions for C:\repos\oracle <INSTRUCTIONS> # AGENTS.md — The Oracle Developer Guide Read this first. It is the canonical operating guide for developers and AI codi..."
"C:\Users\ahazan2\.codex\sessions\2026\06\29\rollout-2026-06-29T13-15-35-019f1461-1995-7011-b632-4d7854f0767b.jsonl","019f1461-1995-7011-b632-4d7854f0767b","6/29/2026 5:15:35 PM","6/30/2026 7:39:40 PM","C:\repos\dflow plm","Codex Desktop","0.142.3","5140400","1719","6/30/2026 3:39:40 PM","<environment_context> <cwd>C:\repos\dflow plm</cwd> <shell>powershell</shell> <current_date>2026-06-29</current_date> <timezone>America/New_York</timezone> <filesystem><workspace_r..."
"C:\Users\ahazan2\.codex\sessions\2026\06\29\rollout-2026-06-29T13-17-38-019f1462-fa24-7d22-9257-55795c11689a.jsonl","019f1462-fa24-7d22-9257-55795c11689a","6/29/2026 5:17:38 PM","6/29/2026 5:27:30 PM","C:\repos\dflow plm","Codex Desktop","0.142.3","1395327","351","6/29/2026 1:27:30 PM","<environment_context> <cwd>C:\repos\dflow plm</cwd> <shell>powershell</shell> <current_date>2026-06-29</current_date> <timezone>America/New_York</timezone> <filesystem><workspace_r..."
"C:\Users\ahazan2\.codex\sessions\2026\06\29\rollout-2026-06-29T14-05-10-019f148e-7c54-7f51-af80-414576cd5219.jsonl","019f148e-7c54-7f51-af80-414576cd5219","6/29/2026 6:05:10 PM","6/29/2026 6:26:14 PM","C:\repos\shared-db","Codex Desktop","0.142.3","273995","85","6/29/2026 2:26:14 PM","<environment_context> <cwd>C:\repos\shared-db</cwd> <shell>powershell</shell> <current_date>2026-06-29</current_date> <timezone>America/New_York</timezone> <filesystem><workspace_r..."
"C:\Users\ahazan2\.codex\sessions\2026\06\29\rollout-2026-06-29T15-40-55-019f14e6-274c-7d51-83f3-714fa97fbd3b.jsonl","019f14e6-274c-7d51-83f3-714fa97fbd3b","6/29/2026 7:40:55 PM","6/29/2026 10:17:04 PM","C:\repos\ansible","Codex Desktop","0.142.3","1255976","589","6/29/2026 6:17:04 PM","<environment_context> <cwd>C:\repos\ansible</cwd> <shell>powershell</shell> <current_date>2026-06-29</current_date> <timezone>America/New_York</timezone> <filesystem><workspace_roo..."
"C:\Users\ahazan2\.codex\sessions\2026\06\29\rollout-2026-06-29T16-08-49-019f14ff-9fe8-7993-badd-2c74b56675eb.jsonl","019f14ff-9fe8-7993-badd-2c74b56675eb","6/29/2026 8:08:49 PM","6/30/2026 2:09:21 PM","C:\repos\oracle","Codex Desktop","0.142.3","432177","169","6/30/2026 10:09:21 AM","# AGENTS.md instructions for C:\repos\oracle <INSTRUCTIONS> # AGENTS.md — The Oracle Developer Guide Read this first. It is the canonical operating guide for developers and AI codi..."
"C:\Users\ahazan2\.codex\sessions\2026\06\29\rollout-2026-06-29T16-36-25-019f1518-f63d-7b42-8d30-7122c345289f.jsonl","019f1518-f63d-7b42-8d30-7122c345289f","6/29/2026 8:36:25 PM","6/30/2026 2:33:05 PM","C:\repos\dflow plm","Codex Desktop","0.142.3","814847","325","6/30/2026 10:33:05 AM","<environment_context> <cwd>C:\repos\dflow plm</cwd> <shell>powershell</shell> <current_date>2026-06-29</current_date> <timezone>America/New_York</timezone> <filesystem><workspace_r..."
"C:\Users\ahazan2\.codex\sessions\2026\06\29\rollout-2026-06-29T18-49-23-019f1592-9e57-7c32-8e39-bafaeee32397.jsonl","019f1592-9e57-7c32-8e39-bafaeee32397","6/29/2026 10:49:23 PM","6/30/2026 7:01:47 PM","C:\repos\synology-monitor","Codex Desktop","0.142.3","4199172","1273","6/30/2026 3:01:47 PM","# AGENTS.md instructions for C:\repos\synology-monitor <INSTRUCTIONS> # Synology Monitor — Agent & Developer Operating Guide Canonical guide for AI sessions and new engineers. Read..."
"C:\Users\ahazan2\.codex\sessions\2026\06\29\rollout-2026-06-29T21-21-54-019f161e-40b7-7170-ba00-5d058d4edfd6.jsonl","019f161e-40b7-7170-ba00-5d058d4edfd6","6/30/2026 1:21:54 AM","6/30/2026 1:22:02 AM","C:\repos\synology-monitor","Codex Desktop","0.142.3","120718","12","6/29/2026 9:22:02 PM","# AGENTS.md instructions for C:\repos\synology-monitor <INSTRUCTIONS> # Synology Monitor — Agent & Developer Operating Guide Canonical guide for AI sessions and new engineers. Read..."
"C:\Users\ahazan2\.codex\sessions\2026\06\29\rollout-2026-06-29T21-26-21-019f1622-52ac-7651-94ff-be3531aab967.jsonl","019f1622-52ac-7651-94ff-be3531aab967","6/30/2026 1:26:21 AM","6/30/2026 1:29:23 AM","C:\repos\synology-monitor","Codex Desktop","0.142.3","270907","67","6/29/2026 9:29:23 PM","# AGENTS.md instructions for C:\repos\synology-monitor <INSTRUCTIONS> # Synology Monitor — Agent & Developer Operating Guide Canonical guide for AI sessions and new engineers. Read..."
"C:\Users\ahazan2\.codex\sessions\2026\06\30\rollout-2026-06-30T07-59-27-019f1865-f19f-7523-bf60-456c0eb26686.jsonl","019f1865-f19f-7523-bf60-456c0eb26686","6/30/2026 11:59:27 AM","6/30/2026 2:59:58 PM","C:\repos\synology-monitor","Codex Desktop","0.142.4","1559055","865","6/30/2026 10:59:58 AM","# AGENTS.md instructions for C:\repos\synology-monitor <INSTRUCTIONS> # Synology Monitor — Agent & Developer Operating Guide Canonical guide for AI sessions and new engineers. Read..."
"C:\Users\ahazan2\.codex\sessions\2026\06\30\rollout-2026-06-30T10-06-59-019f18da-b46f-7232-826f-df7954896890.jsonl","019f18da-b46f-7232-826f-df7954896890","6/30/2026 2:06:59 PM","6/30/2026 2:09:08 PM","C:\repos\oracle","Codex Desktop","0.142.4","267395","94","6/30/2026 10:09:08 AM","# AGENTS.md instructions for C:\repos\oracle <INSTRUCTIONS> # AGENTS.md — The Oracle Developer Guide Read this first. It is the canonical operating guide for developers and AI codi..."
"C:\Users\ahazan2\.codex\sessions\2026\06\30\rollout-2026-06-30T14-20-25-019f19c2-b628-7d90-81c3-4681c17fb69c.jsonl","019f19c2-b628-7d90-81c3-4681c17fb69c","6/30/2026 6:20:25 PM","6/30/2026 6:28:22 PM","C:\repos\shared-db","Codex Desktop","0.142.4","580133","360","6/30/2026 2:28:22 PM","# AGENTS.md instructions for C:\repos\shared-db <INSTRUCTIONS> > ⚠️ **Auto-synced — do not hand-edit the copies.** > > [`u2giants/shared-db`](https://github.com/u2giants/shared-db)..."
"C:\Users\ahazan2\.codex\sessions\2026\06\30\rollout-2026-06-30T16-42-34-019f1a44-e1ce-7e92-a9cf-d3dbf011befa.jsonl","019f1a44-e1ce-7e92-a9cf-d3dbf011befa","6/30/2026 8:42:34 PM","6/30/2026 11:02:59 PM","C:\repos\dflow plm","Codex Desktop","0.142.4","2162330","486","6/30/2026 7:02:59 PM","<environment_context> <cwd>C:\repos\dflow plm</cwd> <shell>powershell</shell> <current_date>2026-06-30</current_date> <timezone>America/New_York</timezone> <filesystem><workspace_r..."
"C:\Users\ahazan2\.codex\sessions\2026\06\30\rollout-2026-06-30T16-46-05-019f1a48-1af2-7052-9403-948643b1cb57.jsonl","019f1a48-1af2-7052-9403-948643b1cb57","6/30/2026 8:46:05 PM","7/2/2026 3:10:16 PM","C:\repos\shared-db","Codex Desktop","0.142.4","3373356","1557","7/2/2026 11:10:16 AM","# AGENTS.md instructions for C:\repos\shared-db <INSTRUCTIONS> > ⚠️ **Auto-synced — do not hand-edit the copies.** > > [`u2giants/shared-db`](https://github.com/u2giants/shared-db)..."
"C:\Users\ahazan2\.codex\sessions\2026\07\01\rollout-2026-07-01T09-59-06-019f1df9-ee22-7c52-9457-455073093bcb.jsonl","019f1df9-ee22-7c52-9457-455073093bcb","7/1/2026 1:59:06 PM","7/1/2026 4:29:25 PM","C:\repos\temp","Codex Desktop","0.142.4","522800","266","7/1/2026 12:29:25 PM","<environment_context> <cwd>C:\repos\temp</cwd> <shell>powershell</shell> <current_date>2026-07-01</current_date> <timezone>America/New_York</timezone> <filesystem><workspace_roots>..."
"C:\Users\ahazan2\.codex\sessions\2026\07\01\rollout-2026-07-01T14-55-57-019f1f09-9ee4-7f12-b13a-313d88e2533d.jsonl","019f1f09-9ee4-7f12-b13a-313d88e2533d","7/1/2026 6:55:57 PM","7/1/2026 7:05:44 PM","C:\repos\dflow plm","Codex Desktop","0.142.4","433037","224","7/1/2026 3:05:44 PM","<environment_context> <cwd>C:\repos\dflow plm</cwd> <shell>powershell</shell> <current_date>2026-07-01</current_date> <timezone>America/New_York</timezone> <filesystem><workspace_r..."
"C:\Users\ahazan2\.codex\sessions\2026\07\02\rollout-2026-07-02T13-14-36-019f23d3-21bb-7b02-aa17-f1564c5178aa.jsonl","019f23d3-21bb-7b02-aa17-f1564c5178aa","7/2/2026 5:14:36 PM","7/2/2026 8:21:28 PM","C:\repos\oracle","Codex Desktop","0.142.5","1966255","497","7/2/2026 4:21:28 PM","# AGENTS.md instructions for C:\repos\oracle <INSTRUCTIONS> # AGENTS.md — The Oracle Developer Guide Read this first. It is the canonical operating guide for developers and AI codi..."
"C:\Users\ahazan2\.codex\sessions\2026\07\06\rollout-2026-07-06T12-38-10-019f384b-476d-79a0-8b9b-63c6117f88d0.jsonl","019f384b-476d-79a0-8b9b-63c6117f88d0","7/6/2026 4:38:10 PM","7/6/2026 4:41:02 PM","C:\repos\dflow plm","Codex Desktop","0.142.5","170513","149","7/6/2026 12:41:02 PM","<environment_context> <cwd>C:\repos\dflow plm</cwd> <shell>powershell</shell> <current_date>2026-07-06</current_date> <timezone>America/New_York</timezone> <filesystem><workspace_r..."
"C:\Users\ahazan2\.codex\sessions\2026\07\06\rollout-2026-07-06T12-38-44-019f384b-caf6-7a82-abd5-cbeaad34f5d6.jsonl","019f384b-caf6-7a82-abd5-cbeaad34f5d6","7/6/2026 4:38:44 PM","7/6/2026 4:39:42 PM","C:\repos\oracle","Codex Desktop","0.142.5","154609","61","7/6/2026 12:39:42 PM","# AGENTS.md instructions for C:\repos\oracle <INSTRUCTIONS> # AGENTS.md — The Oracle Developer Guide Read this first. It is the canonical operating guide for developers and AI codi..."
"C:\Users\ahazan2\.codex\sessions\2026\07\06\rollout-2026-07-06T12-40-50-019f384d-ba3d-7300-a1af-739b1f4f549c.jsonl","019f384d-ba3d-7300-a1af-739b1f4f549c","7/6/2026 4:40:50 PM","7/7/2026 4:37:04 PM","C:\repos\dflow plm","Codex Desktop","0.142.5","998601","566","7/7/2026 12:37:04 PM","<environment_context> <cwd>C:\repos\dflow plm</cwd> <shell>powershell</shell> <current_date>2026-07-06</current_date> <timezone>America/New_York</timezone> <filesystem><workspace_r..."
"C:\Users\ahazan2\.codex\sessions\2026\07\06\rollout-2026-07-06T13-35-22-019f387f-b7ac-77a0-ab59-51a64f0e93fb.jsonl","019f387f-b7ac-77a0-ab59-51a64f0e93fb","7/6/2026 5:35:22 PM","7/6/2026 5:35:49 PM","C:\Users\ahazan2","codex-tui","0.142.5","60418","12","7/6/2026 1:35:49 PM","<environment_context> <cwd>C:\Users\ahazan2</cwd> <shell>powershell</shell> <current_date>2026-07-06</current_date> <timezone>America/New_York</timezone> <filesystem><workspace_roo..."
"C:\Users\ahazan2\.codex\sessions\2026\07\06\rollout-2026-07-06T14-47-55-019f38c2-24fd-7c40-806b-41e654a41df0.jsonl","019f38c2-24fd-7c40-806b-41e654a41df0","7/6/2026 6:47:55 PM","7/6/2026 6:47:58 PM","C:\repos\oracle","codex_exec","0.142.5","71974","8","7/6/2026 2:47:58 PM","# AGENTS.md instructions for C:\repos\oracle <INSTRUCTIONS> # AGENTS.md — The Oracle Developer Guide Read this first. It is the canonical operating guide for developers and AI codi..."
"C:\Users\ahazan2\.codex\sessions\2026\07\06\rollout-2026-07-06T14-48-18-019f38c2-7d6b-7ab1-8403-4ff07844787f.jsonl","019f38c2-7d6b-7ab1-8403-4ff07844787f","7/6/2026 6:48:18 PM","7/6/2026 6:48:19 PM","C:\Windows\System32","codex_exec","0.142.5","31559","8","7/6/2026 2:48:19 PM","<environment_context> <cwd>C:\Windows\System32</cwd> <shell>powershell</shell> <current_date>2026-07-06</current_date> <timezone>America/New_York</timezone> <filesystem><workspace_..."
"C:\Users\ahazan2\.codex\sessions\2026\07\06\rollout-2026-07-06T14-48-59-019f38c3-20f0-7123-94e6-e740441ebc72.jsonl","019f38c3-20f0-7123-94e6-e740441ebc72","7/6/2026 6:48:59 PM","7/6/2026 6:49:01 PM","C:\repos\oracle","codex_exec","0.142.5","65072","8","7/6/2026 2:49:01 PM","# AGENTS.md instructions for C:\repos\oracle <INSTRUCTIONS> # AGENTS.md — The Oracle Developer Guide Read this first. It is the canonical operating guide for developers and AI codi..."
"C:\Users\ahazan2\.codex\sessions\2026\07\06\rollout-2026-07-06T14-49-07-019f38c3-3e97-7ea0-af38-71bfa6ac2c10.jsonl","019f38c3-3e97-7ea0-af38-71bfa6ac2c10","7/6/2026 6:49:07 PM","7/6/2026 6:49:09 PM","C:\repos\oracle","codex_exec","0.142.5","65060","8","7/6/2026 2:49:09 PM","# AGENTS.md instructions for C:\repos\oracle <INSTRUCTIONS> # AGENTS.md — The Oracle Developer Guide Read this first. It is the canonical operating guide for developers and AI codi..."
"C:\Users\ahazan2\.codex\sessions\2026\07\06\rollout-2026-07-06T14-49-16-019f38c3-6031-7b21-b2fd-7cac0c6aed04.jsonl","019f38c3-6031-7b21-b2fd-7cac0c6aed04","7/6/2026 6:49:16 PM","7/6/2026 6:49:17 PM","C:\repos\oracle","codex_exec","0.142.5","65076","8","7/6/2026 2:49:17 PM","# AGENTS.md instructions for C:\repos\oracle <INSTRUCTIONS> # AGENTS.md — The Oracle Developer Guide Read this first. It is the canonical operating guide for developers and AI codi..."
"C:\Users\ahazan2\.codex\sessions\2026\07\06\rollout-2026-07-06T14-49-18-019f38c3-67fc-78b1-aae4-31de1f978bca.jsonl","019f38c3-67fc-78b1-aae4-31de1f978bca","7/6/2026 6:49:18 PM","7/6/2026 6:49:19 PM","C:\repos\oracle","codex_exec","0.142.5","65084","8","7/6/2026 2:49:19 PM","# AGENTS.md instructions for C:\repos\oracle <INSTRUCTIONS> # AGENTS.md — The Oracle Developer Guide Read this first. It is the canonical operating guide for developers and AI codi..."
"C:\Users\ahazan2\.codex\sessions\2026\07\06\rollout-2026-07-06T14-49-20-019f38c3-6f7f-7a10-ae99-b672f740f33b.jsonl","019f38c3-6f7f-7a10-ae99-b672f740f33b","7/6/2026 6:49:20 PM","7/6/2026 6:49:21 PM","C:\repos\oracle","codex_exec","0.142.5","65064","8","7/6/2026 2:49:21 PM","# AGENTS.md instructions for C:\repos\oracle <INSTRUCTIONS> # AGENTS.md — The Oracle Developer Guide Read this first. It is the canonical operating guide for developers and AI codi..."
"C:\Users\ahazan2\.codex\sessions\2026\07\06\rollout-2026-07-06T14-49-22-019f38c3-7718-75a0-a327-445e7dcf2fc3.jsonl","019f38c3-7718-75a0-a327-445e7dcf2fc3","7/6/2026 6:49:22 PM","7/6/2026 6:49:23 PM","C:\repos\oracle","codex_exec","0.142.5","65084","8","7/6/2026 2:49:23 PM","# AGENTS.md instructions for C:\repos\oracle <INSTRUCTIONS> # AGENTS.md — The Oracle Developer Guide Read this first. It is the canonical operating guide for developers and AI codi..."
"C:\Users\ahazan2\.codex\sessions\2026\07\06\rollout-2026-07-06T14-49-23-019f38c3-7e35-78e0-9a40-ae589f2ee5f2.jsonl","019f38c3-7e35-78e0-9a40-ae589f2ee5f2","7/6/2026 6:49:23 PM","7/6/2026 6:49:25 PM","C:\repos\oracle","codex_exec","0.142.5","65064","8","7/6/2026 2:49:25 PM","# AGENTS.md instructions for C:\repos\oracle <INSTRUCTIONS> # AGENTS.md — The Oracle Developer Guide Read this first. It is the canonical operating guide for developers and AI codi..."
"C:\Users\ahazan2\.codex\sessions\2026\07\06\rollout-2026-07-06T15-06-39-019f38d3-4d4c-7da0-836a-b567b3cb2adb.jsonl","019f38d3-4d4c-7da0-836a-b567b3cb2adb","7/6/2026 7:06:39 PM","7/6/2026 7:06:41 PM","C:\Windows\System32","codex_exec","0.142.5","31559","8","7/6/2026 3:06:41 PM","<environment_context> <cwd>C:\Windows\System32</cwd> <shell>powershell</shell> <current_date>2026-07-06</current_date> <timezone>America/New_York</timezone> <filesystem><workspace_..."
"C:\Users\ahazan2\.codex\sessions\2026\07\06\rollout-2026-07-06T15-06-49-019f38d3-738d-7850-bdb2-8bc9438337bb.jsonl","019f38d3-738d-7850-bdb2-8bc9438337bb","7/6/2026 7:06:49 PM","7/6/2026 7:06:51 PM","C:\repos\oracle","codex_exec","0.142.5","65072","8","7/6/2026 3:06:51 PM","# AGENTS.md instructions for C:\repos\oracle <INSTRUCTIONS> # AGENTS.md — The Oracle Developer Guide Read this first. It is the canonical operating guide for developers and AI codi..."
"C:\Users\ahazan2\.codex\sessions\2026\07\06\rollout-2026-07-06T15-11-00-019f38d7-477e-7af3-81e5-ee179cb8bebc.jsonl","019f38d7-477e-7af3-81e5-ee179cb8bebc","7/6/2026 7:11:00 PM","7/6/2026 7:11:02 PM","C:\repos","codex_exec","0.142.5","34095","11","7/6/2026 3:11:02 PM","<environment_context> <cwd>C:\repos</cwd> <shell>powershell</shell> <current_date>2026-07-06</current_date> <timezone>America/New_York</timezone> <filesystem><workspace_roots><root..."
"C:\Users\ahazan2\.codex\sessions\2026\07\06\rollout-2026-07-06T15-14-22-019f38da-5e35-77e0-89b0-d73367debfa8.jsonl","019f38da-5e35-77e0-89b0-d73367debfa8","7/6/2026 7:14:22 PM","7/6/2026 7:14:25 PM","C:\Windows\System32","codex_exec","0.142.5","32597","11","7/6/2026 3:14:25 PM","<environment_context> <cwd>C:\Windows\System32</cwd> <shell>powershell</shell> <current_date>2026-07-06</current_date> <timezone>America/New_York</timezone> <filesystem><workspace_..."
"C:\Users\ahazan2\.codex\sessions\2026\07\06\rollout-2026-07-06T15-15-43-019f38db-9660-7c20-9789-538dfb617ca0.jsonl","019f38db-9660-7c20-9789-538dfb617ca0","7/6/2026 7:15:43 PM","7/6/2026 7:16:13 PM","C:\repos\oracle","codex_exec","0.142.5","95722","35","7/6/2026 3:16:13 PM","# AGENTS.md instructions for C:\repos\oracle <INSTRUCTIONS> # AGENTS.md — The Oracle Developer Guide Read this first. It is the canonical operating guide for developers and AI codi..."
"C:\Users\ahazan2\.codex\sessions\2026\07\06\rollout-2026-07-06T15-17-04-019f38dc-d61b-7092-8f21-7d0cf34eb507.jsonl","019f38dc-d61b-7092-8f21-7d0cf34eb507","7/6/2026 7:17:04 PM","7/6/2026 7:17:46 PM","C:\Windows\System32","codex_exec","0.142.5","79901","12","7/6/2026 3:17:46 PM","<environment_context> <cwd>C:\Windows\System32</cwd> <shell>powershell</shell> <current_date>2026-07-06</current_date> <timezone>America/New_York</timezone> <filesystem><workspace_..."
"C:\Users\ahazan2\.codex\sessions\2026\07\06\rollout-2026-07-06T16-56-21-019f3937-a617-7133-9868-01aab2545c4c.jsonl","019f3937-a617-7133-9868-01aab2545c4c","7/6/2026 8:56:21 PM","7/7/2026 4:32:10 PM","C:\repos\dflow plm","Codex Desktop","0.142.5","474419","190","7/7/2026 12:32:10 PM","<environment_context> <cwd>C:\repos\dflow plm</cwd> <shell>powershell</shell> <current_date>2026-07-06</current_date> <timezone>America/New_York</timezone> <filesystem><workspace_r..."
"C:\Users\ahazan2\.codex\sessions\2026\07\06\rollout-2026-07-06T17-17-42-019f394b-47f6-7361-a9d1-d7cb0270c2b4.jsonl","019f394b-47f6-7361-a9d1-d7cb0270c2b4","7/6/2026 9:17:42 PM","7/6/2026 9:18:07 PM","C:\repos\oracle","codex_exec","0.142.5","90481","38","7/6/2026 5:18:07 PM","# AGENTS.md instructions for C:\repos\oracle <INSTRUCTIONS> # AGENTS.md — The Oracle Developer Guide Read this first. It is the canonical operating guide for developers and AI codi..."
"C:\Users\ahazan2\.codex\sessions\2026\07\06\rollout-2026-07-06T17-18-31-019f394c-03ab-7123-a37b-8a1a2d8b4721.jsonl","019f394c-03ab-7123-a37b-8a1a2d8b4721","7/6/2026 9:18:31 PM","7/6/2026 9:18:51 PM","C:\repos\oracle","codex_exec","0.142.5","86975","36","7/6/2026 5:18:51 PM","# AGENTS.md instructions for C:\repos\oracle <INSTRUCTIONS> # AGENTS.md — The Oracle Developer Guide Read this first. It is the canonical operating guide for developers and AI codi..."
"C:\Users\ahazan2\.codex\sessions\2026\07\06\rollout-2026-07-06T17-21-03-019f394e-5920-7fd1-bff4-770578fe83f8.jsonl","019f394e-5920-7fd1-bff4-770578fe83f8","7/6/2026 9:21:03 PM","7/6/2026 9:21:39 PM","C:\Windows\System32","codex_exec","0.142.5","114674","12","7/6/2026 5:21:39 PM","<environment_context> <cwd>C:\Windows\System32</cwd> <shell>powershell</shell> <current_date>2026-07-06</current_date> <timezone>America/New_York</timezone> <filesystem><workspace_..."
"C:\Users\ahazan2\.codex\sessions\2026\07\06\rollout-2026-07-06T19-28-42-019f39c3-351c-7911-8dd9-8b6d8b90b939.jsonl","019f39c3-351c-7911-8dd9-8b6d8b90b939","7/6/2026 11:28:42 PM","7/6/2026 11:29:05 PM","C:\repos\oracle","codex_exec","0.142.5","109231","38","7/6/2026 7:29:05 PM","# AGENTS.md instructions for C:\repos\oracle <INSTRUCTIONS> # AGENTS.md — The Oracle Developer Guide Read this first. It is the canonical operating guide for developers and AI codi..."
"C:\Users\ahazan2\.codex\sessions\2026\07\07\rollout-2026-07-07T09-29-30-019f3cc4-e99c-71e2-97f0-a37b32af82f8.jsonl","019f3cc4-e99c-71e2-97f0-a37b32af82f8","7/7/2026 1:29:30 PM","7/7/2026 4:19:11 PM","C:\repos\dflow plm","Codex Desktop","0.142.5","666113","489","7/7/2026 12:19:11 PM","<environment_context> <cwd>C:\repos\dflow plm</cwd> <shell>powershell</shell> <current_date>2026-07-07</current_date> <timezone>America/New_York</timezone> <filesystem><workspace_r..."
"C:\Users\ahazan2\.codex\sessions\2026\07\07\rollout-2026-07-07T09-31-32-019f3cc6-d74f-76f1-89c5-648940fd8e3b.jsonl","019f3cc6-d74f-76f1-89c5-648940fd8e3b","7/7/2026 1:31:32 PM","7/7/2026 1:34:23 PM","C:\repos\ai-devops","Codex Desktop","0.142.5","177936","127","7/7/2026 9:34:23 AM","<environment_context> <cwd>C:\repos\ai-devops</cwd> <shell>powershell</shell> <current_date>2026-07-07</current_date> <timezone>America/New_York</timezone> <filesystem><workspace_r..."
"C:\Users\ahazan2\.codex\sessions\2026\07\07\rollout-2026-07-07T12-14-49-019f3d5c-436b-77d1-8d6d-7af5bb4160f1.jsonl","019f3d5c-436b-77d1-8d6d-7af5bb4160f1","7/7/2026 4:14:49 PM","7/7/2026 4:43:28 PM","C:\repos\oracle","Codex Desktop","0.142.5","1225109","525","7/7/2026 12:43:28 PM","# AGENTS.md instructions for C:\repos\oracle <INSTRUCTIONS> # Global operating rules — Albert's standing instructions (Codex edition) Install as `~/.codex/AGENTS.md` (Windows: `C:\..."
"C:\Users\ahazan2\.codex\sessions\2026\07\07\rollout-2026-07-07T13-52-25-019f3db5-af50-78e0-871c-fe0e4a26212e.jsonl","019f3db5-af50-78e0-871c-fe0e4a26212e","7/7/2026 5:52:25 PM","7/7/2026 5:52:46 PM","C:\repos\oracle","codex_exec","0.142.5","87637","8","7/7/2026 1:52:46 PM","# AGENTS.md instructions for C:\repos\oracle <INSTRUCTIONS> # Global operating rules — Albert's standing instructions (Codex edition) Install as `~/.codex/AGENTS.md` (Windows: `C:\..."
"C:\Users\ahazan2\.codex\sessions\2026\07\07\rollout-2026-07-07T13-54-17-019f3db7-666e-7162-953d-2a2c5459d9d6.jsonl","019f3db7-666e-7162-953d-2a2c5459d9d6","7/7/2026 5:54:17 PM","7/7/2026 6:15:38 PM","C:\repos\oracle","codex_exec","0.142.5","609589","364","7/7/2026 2:15:38 PM","# AGENTS.md instructions for C:\repos\oracle <INSTRUCTIONS> # Global operating rules — Albert's standing instructions (Codex edition) Install as `~/.codex/AGENTS.md` (Windows: `C:\..."
"C:\Users\ahazan2\.codex\sessions\2026\07\07\rollout-2026-07-07T13-57-11-019f3db9-fb2e-75a2-9210-483196d1d6b9.jsonl","019f3db9-fb2e-75a2-9210-483196d1d6b9","7/7/2026 5:57:11 PM","7/7/2026 6:04:10 PM","C:\repos\dflow plm","Codex Desktop","0.142.5","671123","251","7/7/2026 2:04:10 PM","# AGENTS.md instructions <INSTRUCTIONS> # Global operating rules — Albert's standing instructions (Codex edition) Install as `~/.codex/AGENTS.md` (Windows: `C:\Users\<user>\.codex\..."
"C:\Users\ahazan2\.codex\sessions\2026\07\07\rollout-2026-07-07T14-02-03-019f3dbe-7183-7400-a98c-baca57b77c90.jsonl","019f3dbe-7183-7400-a98c-baca57b77c90","7/7/2026 6:02:03 PM","7/7/2026 6:58:35 PM","C:\repos\dflow plm","Codex Desktop","0.142.5","904885","383","7/7/2026 2:58:35 PM","# AGENTS.md instructions <INSTRUCTIONS> # Global operating rules — Albert's standing instructions (Codex edition) Install as `~/.codex/AGENTS.md` (Windows: `C:\Users\<user>\.codex\..."
"C:\Users\ahazan2\.codex\sessions\2026\07\07\rollout-2026-07-07T15-13-59-019f3e00-4bda-7f33-a318-07069b8fba19.jsonl","019f3e00-4bda-7f33-a318-07069b8fba19","7/7/2026 7:13:59 PM","7/7/2026 7:23:02 PM","C:\repos\oracle","Codex Desktop","0.142.5","578788","207","7/7/2026 3:23:02 PM","# AGENTS.md instructions for C:\repos\oracle <INSTRUCTIONS> # Global operating rules — Albert's standing instructions (Codex edition) Install as `~/.codex/AGENTS.md` (Windows: `C:\..."
"C:\Users\ahazan2\.codex\sessions\2026\07\07\rollout-2026-07-07T15-25-49-019f3e0b-217b-7a52-a689-1c5b9e96f393.jsonl","019f3e0b-217b-7a52-a689-1c5b9e96f393","7/7/2026 7:25:49 PM","7/7/2026 7:46:57 PM","C:\repos\dflow plm","Codex Desktop","0.142.5","520219","282","7/7/2026 3:46:57 PM","# AGENTS.md instructions <INSTRUCTIONS> # Global operating rules — Albert's standing instructions (Codex edition) Install as `~/.codex/AGENTS.md` (Windows: `C:\Users\<user>\.codex\..."
"C:\Users\ahazan2\.codex\sessions\2026\07\07\rollout-2026-07-07T15-54-59-019f3e25-e65a-73b1-b85e-ac8fa063ae41.jsonl","019f3e25-e65a-73b1-b85e-ac8fa063ae41","7/7/2026 7:54:59 PM","7/7/2026 8:12:01 PM","C:\repos\oracle","codex_exec","0.142.5","1421563","607","7/7/2026 4:12:01 PM","# AGENTS.md instructions for C:\repos\oracle <INSTRUCTIONS> # Global operating rules — Albert's standing instructions (Codex edition) Install as `~/.codex/AGENTS.md` (Windows: `C:\..."
"C:\Users\ahazan2\.codex\sessions\2026\07\07\rollout-2026-07-07T16-54-34-019f3e5c-7516-7c63-af16-96a1228a1d3b.jsonl","019f3e5c-7516-7c63-af16-96a1228a1d3b","7/7/2026 8:54:34 PM","7/7/2026 9:06:30 PM","C:\repos\oracle","codex_exec","0.142.5","506265","242","7/7/2026 5:06:30 PM","# AGENTS.md instructions for C:\repos\oracle <INSTRUCTIONS> # Global operating rules — Albert's standing instructions (Codex edition) Install as `~/.codex/AGENTS.md` (Windows: `C:\..."
"C:\Users\ahazan2\.codex\sessions\2026\07\07\rollout-2026-07-07T17-17-36-019f3e71-8ab7-7451-8f0b-3b55440f327d.jsonl","019f3e71-8ab7-7451-8f0b-3b55440f327d","7/7/2026 9:17:36 PM","7/7/2026 9:30:50 PM","C:\repos\oracle","codex_exec","0.142.5","498589","192","7/7/2026 5:30:50 PM","# AGENTS.md instructions for C:\repos\oracle <INSTRUCTIONS> # Global operating rules — Albert's standing instructions (Codex edition) Install as `~/.codex/AGENTS.md` (Windows: `C:\..."
"C:\Users\ahazan2\.codex\sessions\2026\07\07\rollout-2026-07-07T20-53-17-019f3f37-017b-7460-bffe-0f9b088a212b.jsonl","019f3f37-017b-7460-bffe-0f9b088a212b","7/8/2026 12:53:17 AM","7/8/2026 1:04:39 AM","C:\repos\oracle","codex_exec","0.142.5","529818","276","7/7/2026 9:04:39 PM","# AGENTS.md instructions for C:\repos\oracle <INSTRUCTIONS> # Global operating rules — Albert's standing instructions (Codex edition) Install as `~/.codex/AGENTS.md` (Windows: `C:\..."
"C:\Users\ahazan2\.codex\sessions\2026\07\07\rollout-2026-07-07T21-40-00-019f3f61-c6d1-7122-b192-a5b8b7ef8970.jsonl","019f3f61-c6d1-7122-b192-a5b8b7ef8970","7/8/2026 1:40:00 AM","7/8/2026 1:43:13 AM","C:\repos\oracle","codex_exec","0.142.5","297372","112","7/7/2026 9:43:13 PM","# AGENTS.md instructions for C:\repos\oracle <INSTRUCTIONS> # Global operating rules — Albert's standing instructions (Codex edition) Install as `~/.codex/AGENTS.md` (Windows: `C:\..."
"C:\Users\ahazan2\.codex\sessions\2026\07\07\rollout-2026-07-07T22-09-07-019f3f7c-6f9f-7a52-a86a-0e2e9269de68.jsonl","019f3f7c-6f9f-7a52-a86a-0e2e9269de68","7/8/2026 2:09:07 AM","7/8/2026 2:46:35 AM","C:\repos\dflow plm","Codex Desktop","0.142.5","1449258","753","7/7/2026 10:46:35 PM","# AGENTS.md instructions <INSTRUCTIONS> # Global operating rules — Albert's standing instructions (Codex edition) Install as `~/.codex/AGENTS.md` (Windows: `C:\Users\<user>\.codex\..."
"C:\Users\ahazan2\.codex\sessions\2026\07\07\rollout-2026-07-07T22-19-39-019f3f86-1583-7973-ae10-56905eab2b11.jsonl","019f3f86-1583-7973-ae10-56905eab2b11","7/8/2026 2:19:39 AM","7/8/2026 2:21:15 AM","C:\repos\dflow plm","codex_exec","0.142.5","112500","58","7/7/2026 10:21:15 PM","# AGENTS.md instructions <INSTRUCTIONS> # Global operating rules — Albert's standing instructions (Codex edition) Install as `~/.codex/AGENTS.md` (Windows: `C:\Users\<user>\.codex\..."
"C:\Users\ahazan2\.codex\sessions\2026\07\07\rollout-2026-07-07T22-35-09-019f3f94-4660-7101-9337-a0c2735736bc.jsonl","019f3f94-4660-7101-9337-a0c2735736bc","7/8/2026 2:35:09 AM","7/8/2026 2:48:05 AM","C:\repos\dflow plm","codex_exec","0.130.0-alpha.5","782422","475","7/7/2026 10:48:05 PM","# AGENTS.md instructions for C:\repos\dflow plm <INSTRUCTIONS> # Global operating rules — Albert's standing instructions (Codex edition) Install as `~/.codex/AGENTS.md` (Windows: `..."
"C:\Users\ahazan2\.codex\sessions\2026\07\07\rollout-2026-07-07T23-07-02-019f3fb1-7795-7383-a303-47c345167f55.jsonl","019f3fb1-7795-7383-a303-47c345167f55","7/8/2026 3:07:02 AM","7/8/2026 3:19:24 AM","C:\repos\dflow plm","codex_exec","0.130.0-alpha.5","692457","460","7/7/2026 11:19:24 PM","# AGENTS.md instructions for C:\repos\dflow plm <INSTRUCTIONS> # Global operating rules — Albert's standing instructions (Codex edition) Install as `~/.codex/AGENTS.md` (Windows: `..."
"C:\Users\ahazan2\.codex\sessions\2026\07\07\rollout-2026-07-07T23-16-07-019f3fb9-c69e-78c1-b62a-6251d96c13a3.jsonl","019f3fb9-c69e-78c1-b62a-6251d96c13a3","7/8/2026 3:16:07 AM","7/8/2026 3:21:32 AM","C:\repos\oracle","codex_exec","0.142.5","258946","115","7/7/2026 11:21:32 PM","# AGENTS.md instructions for C:\repos\oracle <INSTRUCTIONS> # Global operating rules — Albert's standing instructions (Codex edition) Install as `~/.codex/AGENTS.md` (Windows: `C:\..."
"C:\Users\ahazan2\.codex\sessions\2026\07\08\rollout-2026-07-08T08-35-02-019f41b9-7cc0-74b3-b156-c1d0aad874a2.jsonl","019f41b9-7cc0-74b3-b156-c1d0aad874a2","7/8/2026 12:35:02 PM","7/8/2026 12:41:47 PM","C:\Users\ahazan2\Documents\Codex\2026-07-08\find-all-the-local-codex-session","Codex Desktop","0.142.5","357192","137","7/8/2026 8:41:47 AM","# AGENTS.md instructions <INSTRUCTIONS> # Global operating rules — Albert's standing instructions (Codex edition) Install as `~/.codex/AGENTS.md` (Windows: `C:\Users\<user>\.codex\..."
